branch,artifact_path,artifact_type,provider,model,weighted_score
copilot/meta-level-response-sep-26,model_benchmarks/latest_benchmark.json,benchmark,,,
copilot/meta-level-response-sep-26,model_benchmarks/hurricane/q_0000000624.json,queue_benchmark,,,
copilot/meta-level-response-sep-26,model_benchmarks/hurricane/q_000002.json,queue_benchmark,,,
copilot/meta-level-response-sep-26,model_benchmarks/hurricane/q_0000000390.json,queue_benchmark,,,
copilot/meta-level-response-sep-26,model_benchmarks/hurricane/q_0000000234.json,queue_benchmark,,,
copilot/meta-level-response-sep-26,model_benchmarks/hurricane/q_0000000312.json,queue_benchmark,,,
copilot/meta-level-response-sep-26,model_benchmarks/hurricane/q_0000000546.json,queue_benchmark,,,
copilot/meta-level-response-sep-26,model_benchmarks/hurricane/q_000001.json,queue_benchmark,,,
copilot/meta-level-response-sep-26,model_benchmarks/hurricane/q_0000000156.json,queue_benchmark,,,
copilot/meta-level-response-sep-26,model_benchmarks/hurricane/q_0000000702.json,queue_benchmark,,,
copilot/meta-level-response-sep-26,model_benchmarks/hurricane/q_0000000780.json,queue_benchmark,,,
copilot/meta-level-response-sep-26,model_benchmarks/hurricane/q_0000000468.json,queue_benchmark,,,
copilot/meta-level-response-sep-26,model_benchmarks/hurricane/q_0000000078.json,queue_benchmark,,,
