branch,path,type,source,size_bytes,blob_sha,generated_at_utc
copilot/meta-level-response-sep-26,model_benchmarks/latest_benchmark.json,benchmark,working_tree,6630,,
copilot/meta-level-response-sep-26,runtime_skill.json,other,working_tree,1254,,
copilot/meta-level-response-sep-26,model_benchmarks/hurricane/q_0000000624.json,queue_benchmark,working_tree,6241,,
copilot/meta-level-response-sep-26,model_benchmarks/hurricane/q_000002.json,queue_benchmark,working_tree,2502,,
copilot/meta-level-response-sep-26,model_benchmarks/hurricane/q_0000000390.json,queue_benchmark,working_tree,5986,,
copilot/meta-level-response-sep-26,model_benchmarks/hurricane/q_0000000234.json,queue_benchmark,working_tree,5816,,
copilot/meta-level-response-sep-26,model_benchmarks/hurricane/q_0000000312.json,queue_benchmark,working_tree,5901,,
copilot/meta-level-response-sep-26,model_benchmarks/hurricane/q_0000000546.json,queue_benchmark,working_tree,6156,,
copilot/meta-level-response-sep-26,model_benchmarks/hurricane/q_000001.json,queue_benchmark,working_tree,2502,,
copilot/meta-level-response-sep-26,model_benchmarks/hurricane/q_0000000156.json,queue_benchmark,working_tree,5730,,
copilot/meta-level-response-sep-26,model_benchmarks/hurricane/q_0000000702.json,queue_benchmark,working_tree,6327,,
copilot/meta-level-response-sep-26,model_benchmarks/hurricane/q_0000000780.json,queue_benchmark,working_tree,6412,,
copilot/meta-level-response-sep-26,model_benchmarks/hurricane/q_0000000468.json,queue_benchmark,working_tree,6071,,
copilot/meta-level-response-sep-26,model_benchmarks/hurricane/q_0000000078.json,queue_benchmark,working_tree,5643,,
copilot/meta-level-response-sep-26,defense_plans/20260923T032658Z_active-defense-plan.json,other,working_tree,2859,,
copilot/meta-level-response-sep-26,defense_plans/20260923T040550Z_operational-master-plan.json,other,working_tree,282,,
copilot/meta-level-response-sep-26,defense_plans/20260923T032526Z_active-defense-plan.json,other,working_tree,2755,,
copilot/meta-level-response-sep-26,case_runs/20260923T010845Z_illustrative-provenance-and-posture-review.json,other,working_tree,674,,
copilot/meta-level-response-sep-26,case_runs/20260923T192008Z_illustrative-provenance-and-posture-review.json,other,working_tree,674,,
copilot/meta-level-response-sep-26,case_runs/20260923T015021Z_live-cisa-kev-case.json,other,working_tree,826,,
copilot/meta-level-response-sep-26,case_runs/20260923T022022Z_illustrative-provenance-and-posture-review.json,other,working_tree,674,,
copilot/meta-level-response-sep-26,case_runs/20260923T010123Z_illustrative-provenance-and-posture-review.json,other,working_tree,674,,
copilot/meta-level-response-sep-26,case_runs/20260923T011029Z_illustrative-provenance-and-posture-review.json,other,working_tree,674,,
copilot/meta-level-response-sep-26,case_runs/20260923T192257Z_illustrative-provenance-and-posture-review.json,other,working_tree,674,,
copilot/meta-level-response-sep-26,case_runs/20260923T040550Z_operational-master-kev.json,other,working_tree,829,,
copilot/meta-level-response-sep-26,case_runs/20260923T034113Z_live-cisa-kev-case.json,other,working_tree,829,,
copilot/meta-level-response-sep-26,case_runs/20260923T010949Z_illustrative-provenance-and-posture-review.json,other,working_tree,674,,
copilot/meta-level-response-sep-26,case_runs/20260923T011343Z_illustrative-provenance-and-posture-review.json,other,working_tree,674,,
copilot/meta-level-response-sep-26,case_runs/20260923T191113Z_live-cisa-kev-case.json,other,working_tree,826,,
copilot/meta-level-response-sep-26,case_runs/20260923T192245Z_illustrative-provenance-and-posture-review.json,other,working_tree,674,,
copilot/meta-level-response-sep-26,case_runs/20260923T032723Z_live-cisa-kev-case.json,other,working_tree,829,,
copilot/meta-level-response-sep-26,case_runs/20260923T011001Z_illustrative-provenance-and-posture-review.json,other,working_tree,674,,
copilot/meta-level-response-sep-26,case_runs/20260923T032123Z_live-cisa-kev-case.json,other,working_tree,829,,
copilot/meta-level-response-sep-26,case_runs/20260923T032056Z_live-cisa-kev-case.json,other,working_tree,829,,
copilot/meta-level-response-sep-26,case_runs/20260923T010108Z_illustrative-provenance-and-posture-review.json,other,working_tree,674,,
